Want to see my 🍈🍈 #조건만남 #섹트 https://t.co/2O0lvAC9l1,http://pbs.twimg.com/media/EQL0zzaVAAEDqng.jpg
w/h 뚱이 나나 어리고 순하고 착하고 #조건만남 #섹트 https://t.co/ew3Tk7kxM4,http://pbs.twimg.com/media/EQLzwCoVAAA5zec.jpg
우리 얼굴 담긴 누디 판매 합니다 디엠으로 꽁짜로 절대 안되요 ~ if you have paypal let us know #조건만남 https://t.co/tz7OogQw0P,http://pbs.twimg.com/media/EQLzgC8U8AA8Qth.jpg
w/h 프랑스 카밀 #일탈 https://t.co/3UAiTgStQh,http://pbs.twimg.com/media/EQDWV5gVAAAE38l.jpg
RT @tae51295273: 케나다 재니 #섹트 #일탈 ✨ https://t.co/8TLmlnnTIH,http://pbs.twimg.com/media/EQDVuIdUYAA6hsp.jpg
케나다 재니 #섹트 #일탈 ✨ https://t.co/8TLmlnnTIH,http://pbs.twimg.com/media/EQDVuIdUYAA6hsp.jpg
RT @tae51295273: 작고 아담한 디디 기집애 방학 동안 서울에 있어요 후기 좋은 친구 😗 #조건만남 #섹트 https://t.co/nVZL7vBWYr,http://pbs.twimg.com/media/EPkfPxSUcAAEdh-.jpg
RT @tae51295273: w/h 어리고 착한 나나 러시아 기집 #섹트 #일탈 https://t.co/5tyejG2ftE,http://pbs.twimg.com/media/EQA62ZhU4AA8X2q.jpg
RT @tae51295273: w/h 어린 디디 #섹트 #조건만남 https://t.co/xR4ihVaOKb,http://pbs.twimg.com/media/EQA6pSaUcAANgkc.jpg
w/h 어리고 착한 나나 러시아 기집 #섹트 #일탈 https://t.co/5tyejG2ftE,http://pbs.twimg.com/media/EQA62ZhU4AA8X2q.jpg
w/h 어린 디디 #섹트 #조건만남 https://t.co/xR4ihVaOKb,http://pbs.twimg.com/media/EQA6pSaUcAANgkc.jpg
RT @tae51295273: 러시아 나나 20 살 🌈 돈이 급해서 오늘 130.000 으로 한데요  #핸드폰잃어버림 #조건만남 #섹트 https://t.co/AJ7NuIR5iO,http://pbs.twimg.com/media/EPb5zKoUwAMpvds.jpg
RT @tae51295273: Pic from last night 🥳🥳 타타 #조건만남 #섹트 https://t.co/RgajRRbE2w,http://pbs.twimg.com/media/EPfKf2VVUAA-9Ys.jpg
RT @tae51295273: w/h dd w/h no condom for 190.000✨ #섹트 #일탈 https://t.co/jWruwZPZ8A,http://pbs.twimg.com/media/EPw2qjPUcAA9h9F.jpg
RT @tae51295273: w/h 카밀 🇫🇷 20살 힙한 Shy hunny #섹트 #조건만남 https://t.co/r4jD5S6SBq,http://pbs.twimg.com/media/EP1OM9UUUAAFabs.jpg
RT @tae51295273: w/h 리나 ✨✨ #섹트 #일탈 스페인 https://t.co/SIAREs2P1X,http://pbs.twimg.com/media/EP8EgMIX4AAKzZy.jpg
w/h 제니 #섹트 #일탈 후기 좋은 https://t.co/EkzepsUabr,http://pbs.twimg.com/media/EP8ErnNX4AIadmw.jpg
w/h 리나 ✨✨ #섹트 #일탈 스페인 https://t.co/SIAREs2P1X,http://pbs.twimg.com/media/EP8EgMIX4AAKzZy.jpg
RT @tae51295273: with 후기 좋은 디디20살 🌱 #조건만남 #섹트 https://t.co/jb5Pvmj033,http://pbs.twimg.com/media/EPqGsTDUcAAvYwO.jpg
